,title,content,link,image,video,category
0,Mitt Romney says Americans who support Putin are ‘almost treasonous’,,https://www.independent.co.uk/news/world/americas/us-politics/mitt-romney-ukraine-treason-tucker-carlson-b2024408.html,False,False,politics
1,"Trump, who was impeached for withholding nearly $400 million in military aid from Ukraine, said 'this deadly Ukraine situation would never have happened' if he were in office",,https://www.businessinsider.com/trump-statement-ukraine-crisis-would-never-have-happened-if-president-2022-2,False,False,politics
2,Three in four voters support banning lawmakers from trading stocks: poll,,https://thehill.com/homenews/news/588630-76-percent-of-voters-support-banning-lawmakers-from-trading-stocks-poll,False,False,politics
3,Sen. Elizabeth Warren now wants to ban all state lawmakers and elected officials from trading corporate stocks,,https://www.businessinsider.com.au/elizabeth-warren-beto-orourke-ban-congress-stock-trading-lawmakers-2022-2,False,False,politics
4,Texas Gov. Greg Abbott Booed Upon Arriving at Uvalde School Shooting Site,,https://www.newsweek.com/texas-gov-greg-abbott-booed-upon-arriving-uvalde-school-shooting-site-1711227,False,False,politics
5,President Joe Biden to propose new 20% minimum billionaire tax,,https://www.cnbc.com/2022/03/26/president-joe-biden-to-propose-new-20percent-minimum-billionaire-tax-.html,False,False,politics
6,"67% of Americans support bill to ban stock trading by members of Congress, even as Pelosi resists",,https://www.businessinsider.com/67-percent-support-stock-trading-ban-congress-pelosi-data-progress-2022-1,False,False,politics
7,"Complaint filed in Florida to ban Bible as “too woke” | The book contains several ""prohibited topics"" - including incest, bestiality, progressive social programs, and the repercussions of slavery.",,https://www.lgbtqnation.com/2022/04/complaint-filed-florida-ban-bible-woke/,False,False,politics
8,AOC calls for expulsion of any members of Congress involved in planning January 6 riot,,https://www.newsweek.com/aoc-expulsion-congress-members-planning-january-6-riot-rolling-stone-rally-organizers-1642083,False,False,politics
9,Senate candidate who smoked blunt in ad burns Confederate flag in latest spot,,https://thehill.com/homenews/campaign/593622-senate-candidate-who-smoked-blunt-in-ad-burns-confederate-flag-in-latest,False,False,politics
